Task ID,Category,Title,Description,Priority,Story Points,Status,Dependencies
1,Payroll,Payroll Management System,"Build comprehensive payroll management system including salary calculation, payslip generation, tax deductions, and payroll processing workflow",High,21,To Do,
2,Finance,Expense Management & Approval,"Create expense submission, approval workflow, and reimbursement management system for employees",High,13,To Do,
3,Performance Management,Performance Review System,"Implement performance review cycles, goal setting, 360-degree feedback, and performance rating system",Medium,13,To Do,
4,Asset Management,Asset Allocation & Tracking,"Create asset allocation system to assign and track company assets (laptops, phones, etc.) to employees",Medium,13,To Do,
5,Learning & Development,Training & Development Management,"Build training program management, course assignment, progress tracking, and certification management",Medium,13,To Do,
6,Employee Lifecycle,Employee Exit Management,"Create exit interview process, clearance workflow, asset return tracking, and final settlement calculation",Medium,8,To Do,4
7,Compliance,Compliance & Policy Management,"Build policy document management, employee acknowledgment tracking, and compliance reporting system",High,8,To Do,
8,Organization Structure,Department & Team Management,"Create department hierarchy management, team creation, reporting structure, and org chart visualization",High,8,To Do,
9,Security & Permissions,Employee Self-Service Portal Access Control,"Implement role-based access control (RBAC) for employee portal features and data visibility",High,8,To Do,
10,Communication,Notification Center & Alerts,"Build centralized notification system for admin actions, approvals, alerts, and system notifications",Medium,8,To Do,
11,System Administration,Data Backup & Recovery System,"Implement automated data backup, recovery procedures, and data retention policies",High,13,To Do,
12,Security & Compliance,Audit Trail & Activity Logging,"Create comprehensive audit trail system logging all admin actions, data changes, and system events",High,8,To Do,
13,Operations,Bulk Operations Dashboard,"Build dashboard for bulk operations (bulk leave approval, bulk attendance marking, bulk notifications)",Medium,8,To Do,12
14,Configuration,Custom Field Management,"Allow admins to add custom fields to employee profiles, forms, and data collection",Low,8,To Do,
15,Integration,Integration Hub & API Management,"Create API management system, third-party integrations (Slack, email, calendar), and webhook configuration",Medium,13,To Do,


